id,wrkstat,prestg10,age,sex
2773,8.0,31.0,60.0,2.0
3090,1.0,44.0,27.0,1.0
1289,1.0,46.0,68.0,2.0
569,6.0,62.0,24.0,1.0
3123,3.0,25.0,20.0,2.0
1107,1.0,33.0,33.0,1.0
474,1.0,45.0,68.0,1.0
352,1.0,32.0,56.0,2.0
1997,1.0,38.0,62.0,1.0
1691,5.0,29.0,79.0,1.0
2103,2.0,37.0,37.0,2.0
3038,6.0,47.0,27.0,2.0
494,5.0,60.0,72.0,1.0
1555,1.0,55.0,,2.0
739,7.0,32.0,25.0,2.0
322,2.0,44.0,54.0,1.0
3242,7.0,,34.0,2.0
718,8.0,35.0,55.0,2.0
2626,1.0,28.0,43.0,1.0
3106,5.0,45.0,70.0,1.0
1267,1.0,60.0,40.0,1.0
2327,1.0,33.0,56.0,2.0
1252,1.0,46.0,38.0,2.0
768,1.0,72.0,49.0,1.0
3226,1.0,38.0,74.0,2.0
853,1.0,36.0,69.0,1.0
1439,1.0,25.0,44.0,1.0
626,7.0,31.0,21.0,2.0
787,1.0,39.0,40.0,1.0
1598,1.0,60.0,35.0,1.0
2204,6.0,32.0,39.0,2.0
1397,1.0,34.0,45.0,1.0
1072,1.0,64.0,43.0,1.0
2255,1.0,25.0,35.0,2.0
743,1.0,31.0,55.0,2.0
146,4.0,25.0,56.0,2.0
1362,1.0,64.0,38.0,2.0
2737,1.0,47.0,53.0,2.0
2357,1.0,51.0,39.0,1.0
306,2.0,31.0,26.0,2.0
913,1.0,61.0,42.0,2.0
1500,5.0,38.0,80.0,1.0
598,1.0,42.0,56.0,1.0
1025,1.0,32.0,56.0,2.0
1926,2.0,30.0,25.0,2.0
222,1.0,45.0,31.0,2.0
652,5.0,60.0,52.0,2.0
1478,5.0,39.0,68.0,2.0
2307,1.0,22.0,21.0,1.0
2341,5.0,51.0,68.0,2.0
1953,1.0,,,1.0
3080,7.0,54.0,,2.0
1348,7.0,34.0,58.0,2.0
838,1.0,47.0,69.0,2.0
1900,1.0,25.0,24.0,2.0
1132,5.0,31.0,72.0,1.0
593,1.0,54.0,51.0,2.0
1400,2.0,61.0,,2.0
3071,3.0,31.0,38.0,2.0
390,2.0,53.0,77.0,2.0
1634,1.0,53.0,51.0,1.0
11,7.0,39.0,57.0,2.0
2966,5.0,31.0,70.0,2.0
140,1.0,52.0,34.0,2.0
2814,1.0,73.0,33.0,1.0
1548,4.0,43.0,28.0,1.0
190,1.0,75.0,49.0,1.0
2853,8.0,61.0,61.0,2.0
1246,1.0,38.0,40.0,1.0
1265,6.0,59.0,21.0,1.0
1989,2.0,39.0,36.0,2.0
2784,1.0,39.0,52.0,2.0
2925,1.0,60.0,39.0,2.0
3170,3.0,31.0,50.0,2.0
3155,5.0,28.0,,1.0
2056,2.0,32.0,19.0,2.0
28,5.0,35.0,86.0,2.0
3120,3.0,29.0,53.0,2.0
3308,5.0,70.0,47.0,1.0
455,1.0,50.0,29.0,2.0
1442,5.0,31.0,70.0,2.0
2795,2.0,48.0,19.0,1.0
158,5.0,51.0,71.0,1.0
1209,1.0,24.0,37.0,1.0
1064,1.0,47.0,32.0,2.0
2015,1.0,35.0,35.0,2.0
2019,1.0,45.0,48.0,2.0
2583,1.0,71.0,54.0,1.0
2713,7.0,47.0,61.0,2.0
538,7.0,,46.0,2.0
173,1.0,64.0,29.0,2.0
1030,1.0,39.0,60.0,2.0
830,5.0,43.0,84.0,1.0
1746,1.0,50.0,55.0,2.0
2188,1.0,50.0,38.0,1.0
854,5.0,53.0,72.0,1.0
556,1.0,35.0,60.0,2.0
2772,1.0,48.0,41.0,2.0
1614,2.0,60.0,51.0,1.0
2302,6.0,59.0,33.0,2.0
69,1.0,52.0,58.0,2.0
1577,7.0,54.0,,1.0
3046,7.0,,56.0,2.0
2145,4.0,25.0,34.0,2.0
2491,5.0,49.0,77.0,2.0
304,4.0,35.0,23.0,1.0
536,7.0,65.0,,1.0
1883,5.0,50.0,73.0,1.0
2163,5.0,49.0,69.0,2.0
1205,4.0,58.0,,1.0
1865,5.0,73.0,61.0,1.0
422,1.0,50.0,31.0,1.0
14,2.0,45.0,36.0,2.0
3183,5.0,34.0,81.0,2.0
94,1.0,54.0,58.0,2.0
1202,5.0,61.0,,2.0
3064,7.0,61.0,,2.0
2124,1.0,80.0,,2.0
2845,1.0,60.0,55.0,1.0
1100,1.0,60.0,50.0,1.0
1271,1.0,25.0,35.0,2.0
41,1.0,64.0,49.0,2.0
3409,5.0,64.0,76.0,2.0
703,1.0,60.0,48.0,2.0
541,1.0,45.0,53.0,2.0
2952,1.0,53.0,28.0,2.0
1735,7.0,45.0,34.0,1.0
2921,1.0,49.0,70.0,2.0
1237,3.0,61.0,32.0,2.0
2630,1.0,35.0,21.0,1.0
2836,8.0,48.0,65.0,1.0
2579,1.0,61.0,61.0,1.0
1433,7.0,46.0,36.0,2.0
1014,8.0,35.0,29.0,2.0
80,1.0,51.0,23.0,2.0
634,5.0,44.0,67.0,1.0
3363,2.0,64.0,42.0,2.0
1896,8.0,,81.0,2.0
1310,5.0,61.0,72.0,2.0
1059,1.0,47.0,56.0,2.0
2245,2.0,54.0,65.0,2.0
117,1.0,26.0,42.0,1.0
3015,1.0,44.0,20.0,1.0
3277,1.0,38.0,56.0,2.0
3178,5.0,35.0,56.0,1.0
2858,1.0,37.0,63.0,1.0
3201,5.0,47.0,89.0,2.0
3319,1.0,66.0,47.0,1.0
2776,1.0,31.0,43.0,2.0
2980,1.0,64.0,46.0,1.0
3002,3.0,31.0,41.0,2.0
2223,2.0,35.0,19.0,2.0
1778,5.0,64.0,69.0,1.0
1834,7.0,28.0,72.0,2.0
905,2.0,69.0,59.0,2.0
1446,1.0,47.0,24.0,2.0
1042,8.0,48.0,87.0,2.0
3297,7.0,32.0,30.0,2.0
2501,7.0,43.0,46.0,1.0
828,5.0,21.0,67.0,2.0
1721,1.0,49.0,72.0,2.0
2241,1.0,,20.0,2.0
1840,2.0,51.0,30.0,2.0
321,2.0,22.0,23.0,1.0
1467,1.0,35.0,23.0,1.0
215,8.0,28.0,36.0,1.0
1221,5.0,59.0,78.0,2.0
3200,2.0,64.0,40.0,2.0
52,1.0,72.0,46.0,1.0
936,6.0,53.0,21.0,2.0
1917,7.0,64.0,67.0,2.0
2929,5.0,45.0,60.0,2.0
53,1.0,72.0,43.0,2.0
31,1.0,45.0,65.0,1.0
458,5.0,39.0,65.0,2.0
2439,2.0,48.0,38.0,2.0
2472,5.0,56.0,72.0,2.0
3134,4.0,22.0,29.0,1.0
2403,3.0,53.0,64.0,2.0
849,5.0,61.0,62.0,2.0
665,8.0,47.0,35.0,2.0
2481,1.0,47.0,25.0,2.0
1915,5.0,38.0,62.0,1.0
2356,1.0,53.0,65.0,2.0
1086,1.0,24.0,44.0,2.0
2493,5.0,33.0,69.0,1.0
1326,2.0,49.0,42.0,2.0
2563,7.0,32.0,27.0,2.0
3079,8.0,38.0,57.0,2.0
1373,5.0,,76.0,1.0
959,1.0,25.0,23.0,1.0
93,7.0,28.0,47.0,1.0
47,1.0,31.0,32.0,2.0
2910,7.0,,19.0,2.0
2053,1.0,38.0,29.0,2.0
1366,3.0,18.0,30.0,2.0
258,1.0,32.0,59.0,2.0
442,5.0,72.0,,1.0
1807,1.0,50.0,,1.0
2086,5.0,55.0,,1.0
2139,7.0,35.0,56.0,2.0
1226,1.0,65.0,,2.0
1754,1.0,46.0,38.0,1.0
1266,5.0,46.0,71.0,2.0
2735,5.0,44.0,77.0,1.0
678,1.0,50.0,38.0,2.0
2475,5.0,46.0,73.0,1.0
2332,2.0,29.0,40.0,2.0
3114,1.0,45.0,44.0,1.0
1278,1.0,59.0,32.0,2.0
814,1.0,51.0,40.0,2.0
2169,5.0,37.0,62.0,2.0
603,1.0,39.0,,1.0
2987,1.0,59.0,33.0,1.0
935,7.0,,18.0,2.0
1963,4.0,53.0,45.0,2.0
1113,7.0,38.0,33.0,2.0
724,8.0,20.0,52.0,2.0
1496,5.0,65.0,84.0,1.0
2850,7.0,21.0,58.0,2.0
2237,2.0,36.0,78.0,2.0
2026,5.0,45.0,70.0,1.0
2760,3.0,61.0,27.0,2.0
3394,1.0,,42.0,1.0
2956,5.0,53.0,,2.0
839,8.0,44.0,55.0,1.0
3202,1.0,65.0,49.0,1.0
16,5.0,55.0,65.0,1.0
427,5.0,50.0,,2.0
740,1.0,61.0,43.0,2.0
2231,1.0,35.0,25.0,1.0
2960,8.0,39.0,48.0,2.0
309,5.0,66.0,65.0,1.0
1545,1.0,65.0,48.0,2.0
3348,1.0,45.0,60.0,1.0
1185,1.0,43.0,58.0,2.0
1836,1.0,74.0,62.0,1.0
987,2.0,31.0,40.0,2.0
637,1.0,49.0,61.0,1.0
1149,2.0,32.0,24.0,2.0
1425,2.0,42.0,53.0,2.0
700,1.0,60.0,29.0,2.0
594,1.0,57.0,52.0,2.0
641,1.0,48.0,53.0,1.0
974,1.0,33.0,21.0,2.0
3488,1.0,71.0,31.0,1.0
2699,1.0,50.0,30.0,1.0
1258,1.0,48.0,45.0,1.0
3504,5.0,46.0,65.0,2.0
1156,5.0,35.0,65.0,1.0
3415,1.0,38.0,61.0,2.0
3144,5.0,60.0,53.0,1.0
1309,1.0,32.0,,2.0
651,1.0,45.0,59.0,1.0
764,6.0,65.0,22.0,2.0
151,1.0,61.0,44.0,2.0
1380,1.0,44.0,32.0,1.0
2242,5.0,17.0,72.0,2.0
2951,1.0,65.0,57.0,2.0
3160,7.0,,32.0,1.0
774,8.0,52.0,55.0,2.0
2861,2.0,,22.0,1.0
1497,5.0,50.0,79.0,1.0
2557,1.0,48.0,46.0,1.0
1543,1.0,61.0,34.0,1.0
1619,6.0,48.0,,1.0
2510,5.0,53.0,79.0,1.0
35,7.0,40.0,62.0,2.0
15,7.0,21.0,41.0,2.0
2471,5.0,60.0,79.0,1.0
3355,1.0,43.0,59.0,2.0
3225,1.0,40.0,46.0,2.0
1507,1.0,35.0,61.0,1.0
2074,6.0,48.0,22.0,2.0
1939,1.0,49.0,24.0,2.0
3327,2.0,47.0,70.0,2.0
662,5.0,63.0,69.0,1.0
266,2.0,31.0,,1.0
2232,1.0,39.0,47.0,2.0
2098,8.0,34.0,55.0,1.0
1263,1.0,59.0,36.0,2.0
1371,1.0,60.0,40.0,1.0
2995,5.0,65.0,66.0,2.0
253,5.0,36.0,66.0,2.0
801,5.0,47.0,69.0,1.0
1541,1.0,51.0,,2.0
1710,1.0,60.0,31.0,1.0
3235,8.0,28.0,52.0,1.0
1780,1.0,25.0,30.0,2.0
2815,1.0,36.0,35.0,2.0
3408,5.0,64.0,85.0,2.0
2133,6.0,,19.0,1.0
1641,1.0,17.0,30.0,2.0
1686,1.0,35.0,36.0,1.0
3105,5.0,28.0,,2.0
112,3.0,44.0,52.0,1.0
771,1.0,74.0,40.0,2.0
825,1.0,72.0,47.0,2.0
3465,6.0,,20.0,2.0
861,8.0,31.0,,
305,5.0,45.0,60.0,2.0
1112,5.0,51.0,64.0,1.0
3094,7.0,31.0,56.0,2.0
2865,7.0,38.0,41.0,2.0
3040,6.0,48.0,30.0,2.0
2948,5.0,43.0,65.0,1.0
3060,6.0,27.0,20.0,1.0
1054,8.0,26.0,83.0,1.0
3029,7.0,,45.0,2.0
1781,5.0,70.0,76.0,2.0
659,1.0,58.0,27.0,2.0
2096,2.0,74.0,60.0,2.0
3006,7.0,31.0,31.0,2.0
3188,5.0,64.0,84.0,2.0
2692,1.0,47.0,60.0,1.0
1429,2.0,28.0,62.0,2.0
1842,3.0,20.0,18.0,1.0
3246,4.0,32.0,47.0,2.0
3370,8.0,32.0,62.0,2.0
1176,2.0,29.0,58.0,1.0
3039,4.0,32.0,57.0,2.0
2451,5.0,25.0,69.0,1.0
3289,5.0,35.0,56.0,1.0
3151,3.0,61.0,66.0,2.0
976,1.0,25.0,58.0,1.0
62,2.0,48.0,30.0,2.0
2205,1.0,35.0,,1.0
1287,8.0,29.0,54.0,1.0
2932,3.0,64.0,26.0,1.0
2580,1.0,38.0,52.0,1.0
2507,5.0,39.0,62.0,1.0
2957,1.0,39.0,52.0,2.0
2560,3.0,29.0,50.0,1.0
3089,5.0,63.0,68.0,2.0
1418,1.0,35.0,60.0,2.0
3403,1.0,48.0,45.0,1.0
1951,1.0,50.0,39.0,1.0
152,1.0,28.0,37.0,1.0
3205,1.0,53.0,42.0,2.0
1620,4.0,48.0,21.0,2.0
1337,1.0,42.0,36.0,2.0
2562,7.0,40.0,52.0,1.0
1382,7.0,38.0,,2.0
2670,5.0,74.0,77.0,1.0
2497,7.0,28.0,84.0,2.0
217,1.0,28.0,61.0,1.0
19,2.0,48.0,35.0,2.0
356,3.0,61.0,42.0,2.0
1420,5.0,53.0,63.0,1.0
746,5.0,48.0,89.0,2.0
1189,8.0,45.0,47.0,1.0
1852,1.0,65.0,27.0,2.0
596,8.0,67.0,62.0,1.0
1291,3.0,60.0,42.0,1.0
2860,5.0,60.0,70.0,1.0
2106,4.0,39.0,,2.0
1874,6.0,,22.0,1.0
2442,5.0,43.0,69.0,1.0
1231,7.0,48.0,49.0,1.0
1516,8.0,,52.0,2.0
2974,1.0,60.0,41.0,1.0
1711,1.0,64.0,54.0,2.0
1580,6.0,,18.0,2.0
3278,5.0,47.0,74.0,1.0
2659,1.0,38.0,45.0,1.0
2832,5.0,48.0,,2.0
3021,1.0,35.0,49.0,1.0
12,2.0,30.0,25.0,2.0
2520,1.0,17.0,31.0,1.0
1313,1.0,73.0,33.0,2.0
2812,5.0,64.0,78.0,2.0
1381,1.0,44.0,36.0,1.0
2285,1.0,32.0,59.0,1.0
1630,2.0,61.0,42.0,2.0
454,2.0,39.0,64.0,2.0
1653,1.0,58.0,50.0,1.0
1678,4.0,28.0,37.0,1.0
1551,1.0,64.0,81.0,2.0
3472,5.0,34.0,74.0,1.0
2743,4.0,40.0,57.0,1.0
1365,7.0,31.0,37.0,2.0
54,1.0,48.0,60.0,1.0
2317,5.0,45.0,68.0,1.0
2438,4.0,31.0,25.0,2.0
327,7.0,,,
2283,1.0,50.0,34.0,1.0
1908,6.0,,21.0,2.0
857,3.0,61.0,54.0,2.0
826,1.0,48.0,40.0,2.0
3420,2.0,28.0,,2.0
60,4.0,33.0,36.0,2.0
1656,1.0,60.0,47.0,2.0
25,2.0,50.0,28.0,1.0
1229,8.0,61.0,37.0,2.0
1334,1.0,39.0,38.0,1.0
221,5.0,47.0,75.0,2.0
1218,5.0,25.0,58.0,2.0
2009,5.0,24.0,77.0,2.0
2487,1.0,28.0,34.0,2.0
3099,3.0,24.0,48.0,2.0
1225,1.0,48.0,63.0,2.0
439,2.0,39.0,32.0,2.0
2348,1.0,43.0,27.0,2.0
156,1.0,47.0,24.0,2.0
2584,5.0,52.0,71.0,2.0
985,1.0,61.0,31.0,1.0
198,5.0,74.0,74.0,1.0
1873,1.0,35.0,44.0,2.0
2664,7.0,48.0,61.0,2.0
1494,5.0,43.0,63.0,1.0
714,1.0,31.0,20.0,2.0
90,1.0,60.0,29.0,1.0
281,5.0,72.0,68.0,2.0
2486,5.0,74.0,69.0,2.0
3129,2.0,46.0,45.0,2.0
3234,1.0,48.0,36.0,2.0
2512,5.0,70.0,64.0,2.0
1948,1.0,36.0,24.0,2.0
2292,1.0,35.0,59.0,1.0
1528,2.0,58.0,27.0,1.0
1681,1.0,45.0,36.0,2.0
2413,3.0,47.0,52.0,2.0
1141,8.0,34.0,61.0,1.0
710,7.0,,43.0,2.0
1462,2.0,36.0,48.0,2.0
2871,7.0,33.0,31.0,2.0
1652,1.0,31.0,32.0,1.0
638,8.0,50.0,52.0,2.0
3093,1.0,41.0,62.0,1.0
1736,1.0,61.0,24.0,2.0
2909,1.0,50.0,40.0,1.0
2655,5.0,35.0,67.0,1.0
3470,1.0,35.0,33.0,2.0
1108,2.0,,32.0,2.0
1829,5.0,32.0,59.0,2.0
2729,8.0,46.0,72.0,1.0
3454,1.0,35.0,49.0,1.0
2308,3.0,38.0,44.0,2.0
2990,6.0,66.0,26.0,2.0
2607,1.0,50.0,40.0,1.0
387,5.0,31.0,71.0,1.0
2651,1.0,61.0,52.0,2.0
3252,5.0,49.0,66.0,1.0
2189,5.0,58.0,60.0,1.0
1304,1.0,38.0,57.0,2.0
2522,2.0,61.0,77.0,2.0
3024,5.0,47.0,85.0,2.0
2394,1.0,72.0,41.0,1.0
3353,5.0,51.0,,2.0
2044,8.0,31.0,56.0,2.0
2477,5.0,23.0,77.0,2.0
3175,1.0,64.0,65.0,2.0
339,7.0,24.0,37.0,2.0
912,1.0,41.0,42.0,1.0
696,5.0,50.0,,1.0
413,1.0,50.0,29.0,2.0
1458,4.0,31.0,43.0,2.0
2152,2.0,28.0,81.0,1.0
2453,1.0,32.0,36.0,1.0
2496,1.0,17.0,60.0,2.0
1979,4.0,35.0,72.0,2.0
728,5.0,35.0,73.0,1.0
3383,5.0,31.0,69.0,1.0
3515,2.0,28.0,67.0,2.0
76,1.0,48.0,55.0,1.0
293,5.0,55.0,49.0,1.0
2266,5.0,47.0,65.0,2.0
1376,7.0,35.0,28.0,2.0
2318,5.0,35.0,77.0,1.0
867,5.0,39.0,65.0,1.0
3,1.0,48.0,57.0,2.0
1914,1.0,60.0,53.0,1.0
3092,1.0,38.0,33.0,2.0
2333,7.0,55.0,67.0,2.0
608,1.0,63.0,45.0,1.0
3490,2.0,64.0,30.0,2.0
2615,5.0,45.0,72.0,1.0
2335,5.0,60.0,65.0,1.0
329,1.0,40.0,54.0,2.0
2810,1.0,31.0,28.0,1.0
1773,4.0,35.0,45.0,1.0
2629,5.0,36.0,76.0,1.0
794,5.0,61.0,69.0,2.0
3508,5.0,35.0,80.0,1.0
418,1.0,22.0,23.0,1.0
2023,5.0,64.0,72.0,2.0
1058,1.0,54.0,47.0,2.0
396,8.0,,22.0,1.0
466,1.0,32.0,44.0,1.0
2128,1.0,53.0,57.0,1.0
2297,5.0,64.0,68.0,2.0
111,1.0,41.0,61.0,1.0
2342,1.0,48.0,37.0,2.0
2625,5.0,47.0,72.0,2.0
3341,1.0,39.0,56.0,1.0
2558,5.0,33.0,81.0,2.0
1649,1.0,60.0,36.0,1.0
2515,8.0,,55.0,2.0
3432,5.0,60.0,60.0,2.0
2926,1.0,47.0,56.0,2.0
